buscado,resultado
legumes production,crop production
feed legumes production,fodder conservation
grain legumes production,crop production
broad beans production,field preparation
lima beans production,crop production
pigeon peas production,crop production
vegetable legumes production,crop production
groundnuts production,crop production
tropical legumes production,crop production
grain crops production,crop production
cereal crops production,crop production
stimulant crops production,crop production
shade plants production,crop production
shade trees production,crop production
spice crops production,crop production
bee plants production,honey production
calabash crops production,crop production
cash crops production,crop production
cover plants production,crop production
protective plants production,crop production
erosion control plants production,tillage
root crops production,root pruning
food crops production,food production
fruit crops production,defruiting
grapevines production,defruiting
berry crops production,defruiting
fruit trees production,defruiting
sugar crops production,food production
sugar palms production,food production
beverage crops production,food production
vegetable crops production,food production
cole crops production,food production
pole beans production,food production
bush beans production,food production
hedging plants production,crop production
industrial crops production,crop production
oil crops production,oil and gas production
safflower production,oil and gas production
oil palms production,oil and gas production
sunflowers production,oil and gas production
dye plants production,crop production
fibre crops production,crop production
wax plants production,crop production
fuel crops production,crop production
pesticide crops production,crop production
essential oil crops production,crop production
structural crops production,crop production
medicinal plants production,crop production
antibacterial plants production,crop production
antifungal plants production,crop production
antiviral plants production,crop production
gum plants production,resin tapping
tan plants production,crop production
rubber crops production,crop production
bioenergy crops production,crop production
revegetation plants production,crop production
rootstock crops production,crop production
salad crops production,crop production
seed crops production,seed production
soil reclamation plants production,crop production
browse plants production,fodder conservation
herbage crops production,crop production
field crops production,field preparation
plantation crops production,crop production
winter crops production,oversowing
spring crops production,crop production
companion crops production,crop production
grass clover production,crop production
lucerne grass production,crop production
catch crops production,stubble tillage
summer catch crops production,stubble tillage
winter catch crops production,oversowing
tree crops production,pruning
tropical crops production,crop production
mother plants production,crop production
autochthonous crops production,crop production
feed crops production,feed production
sorghum production,feed production
broom sorghum production,feed production
sweet sorghum production,feed production
grain sorghum production,feed production
forage sorghum production,fodder conservation
upland crops production,crop production
trap crops production,crop production
protein plants production,crop production
greenhouse crops production,crop production
pot plants production,pot planting
starch crops production,crop production
nut crops production,crop production
prohibited crops production,crop production
useful plants production,crop production
